"Action","Adventure","Animation","Children's","Comedy","Crime","Documentary","Drama","Fantasy","Film-Noir","Horror","Musical","Mystery","Romance","Sci-Fi","Thriller","War","Western"
"m260","m260","m1","m1","m2858","m858","m246","m2858","m260","m1617","m1214","m919","m1617","m1197","m260","m2762","m527","m1304"
"m1198","m1198","m3114","m919","m1197","m50","m2064","m318","m1097","m541","m1387","m1288","m904","m912","m1196","m593","m1196","m590"
"m858","m1196","m1148","m3114","m2396","m608","m162","m527","m2797","m1252","m1219","m1220","m1252","m2396","m2571","m2571","m2028","m3671"
"m1196","m1197","m745","m1097","m1136","m296","m1147","m858","m1073","m913","m1278","m899","m913","m1210","m750","m50","m110","m1266"
"m2028","m1210","m2355","m34","m2997","m1617","m1189","m1196","m2628","m1267","m2716","m588","m924","m356","m1210","m608","m912","m1201"
"m2571","m919","m3751","m2355","m1","m1221","m2859","m2028","m2174","m3435","m1258","m364","m903","m1265","m541","m1617","m750","m3037"
"m1197","m1259","m2987","m3751","m356","m1213","m3007","m593","m2968","m922","m1997","m595","m1212","m1247","m589","m589","m1210","m1283"
"m110","m1291","m588","m1073","m1270","m1234","m2677","m608","m2872","m2987","m1215","m1028","m1284","m1307","m1240","m1240","m356","m2951"
"m1221","m480","m364","m588","m3114","m1089","m1361","m110","m2100","m3683","m3499","m1947","m1269","m1230","m1214","m1214","m1200","m553"
"m1210","m969","m595","m364","m1259","m2692","m2693","m296","m2140","m1284","m1333","m2300","m1625","m969","m1270","m908","m1250","m3508"
